<?xml version="1.0" encoding="UTF-8"?>
<project-private xmlns="http://www.netbeans.org/ns/project-private/1">
    <editor-bookmarks xmlns="http://www.netbeans.org/ns/editor-bookmarks/2" lastBookmarkId="0"/>
    <open-files xmlns="http://www.netbeans.org/ns/projectui-open-files/2">
        <group>
            <file>file:/C:/Users/Roha/Documents/NetBeansProjects/Lab6Part2/src/lab6part2/Functions.java</file>
            <file>file:/C:/Users/Roha/Documents/NetBeansProjects/Lab6Part2/src/lab6part2/Lab6Part2.java</file>
        </group>
    </open-files>
</project-private>
